"id","id_cliente","created_at","updated_at","title","description"
1,1,"2017-01-26 07:08:05","2017-01-26 07:08:05","Pedido 1 do cliente 1","Pedido 1 do cliente 1"
2,2,"2017-01-26 07:08:05","2017-01-26 07:08:05","Pedido 2 do cliente 2","Pedido 2 do cliente 2"
3,3,"2017-01-26 07:08:05","2017-01-26 07:08:05","Pedido 3 do cliente 3","Pedido 3 do cliente 3"
4,4,"2017-01-26 07:08:05","2017-01-26 07:08:05","Pedido 4 do cliente 4","Pedido 4 do cliente 4"
5,5,"2017-01-26 07:08:05","2017-01-26 07:08:05","Pedido 5 do cliente 5","Pedido 5 do cliente 5"
6,6,"2017-01-26 07:08:05","2017-01-26 07:08:05","Pedido 6 do cliente 6","Pedido 6 do cliente 6"
7,7,"2017-01-26 07:08:05","2017-01-26 07:08:05","Pedido 7 do cliente 7","Pedido 7 do cliente 7"
8,8,"2017-01-26 07:08:05","2017-01-26 07:08:05","Pedido 8 do cliente 8","Pedido 8 do cliente 8"
9,9,"2017-01-26 07:08:05","2017-01-26 07:08:05","Pedido 9 do cliente 9","Pedido 9 do cliente 9"
10,10,"2017-01-26 07:08:05","2017-01-26 07:08:05","Pedido 10 do cliente 10","Pedido 10 do cliente 10"
11,11,"2017-01-26 07:08:05","2017-01-26 07:08:05","Pedido 11 do cliente 11","Pedido 11 do cliente 11"
12,12,"2017-01-26 07:08:05","2017-01-26 07:08:05","Pedido 12 do cliente 12","Pedido 12 do cliente 12"